;user_id_str;POS tagged;Subjectivity;Polarity;TextBlob
0;1,01991E+18;[('info', 'n'), ('layanan', 'n'), ('masyarakat', 'n'), ('perskincarean', 'a'), ('di', 'n'), ('alfamart', None)];0.0;0.0;Neutral
1;1,39728E+18;[('massive', 'a'), ('shout', 'n'), ('ex', 'a'), ('karena', None), ('dulu', 'n'), ('pernah', 'n'), ('ngasih', 'a'), ('tau', 'n'), ('kalau', None), ('alfamart', 'a'), ('bisa', 'n'), ('belanja', 'n'), ('online', 'n'), ('tanpa', 'n'), ('biaya', 'n'), ('ongkir', None), ('layanan', 'a'), ('yadayadayada', 'n'), ('saat', 'n'), ('memudahkan', 'n'), ('waktu', 'a'), ('sakit', 'n'), ('dotted', None), ('line', 'n'), ('face', 'n')];1.0;0.0;Neutral
2;1,14005E+18;[('alfamart', 'r'), ('berikan', 'a'), ('layanan', 'n'), ('kesehatan', 'n'), ('gratis', 'n'), ('kepada', 'n'), ('warga', 'n'), ('bumi', 'n'), ('ayu', 'n')];0.0;0.0;Neutral
3;9,50642E+17;[('alhamdulillah', 'n'), ('skrg', 'n'), ('mengenakan', 'n'), ('biaya', 'n'), ('topup', 'n'), ('saldo', 'n'), ('yg', 'n'), ('dilakukan', 'n'), ('di', 'n'), ('sbg', 'n'), ('bentuk', 'n'), ('peningkatan', 'n'), ('layanan', 'n'), ('agar', 'n'), ('customer', 'n'), ('tdk', 'n'), ('ragu', 'n'), ('bayar', 'n'), ('biaya', 'n'), ('peningkatan', 'n'), ('layanan', 'n'), ('ini', 'n'), ('adalah', 'n'), ('dgn', 'n'), ('cara', 'n'), ('shopee', 'n'), ('memotong', 'a'), ('saldo', 'n'), ('yg', 'n'), ('masuk', 'n'), ('sesaat', 'n'), ('stlh', 'n'), ('transaksi', 'n'), ('dikasir', 'n'), ('berhasil', 'n'), ('folded', None), ('hands', 'n'), ('light', 'a'), ('skin', None), ('tone', 'n')];0.7;0.4;Positive
4;1156583228;[('tipe', 'a'), ('toko', 'n'), ('convenience', 'n'), ('alfamaadalah', 'n'), ('konsep', 'n'), ('produk', 'n'), ('dan', 'n'), ('layanan', 'n')];0.0;0.0;Neutral
5;1,25372E+18;[('top', None), ('shopeepay', 'n'), ('di', 'n'), ('alfamart', None), ('bisa', 'a'), ('sendiri', 'n'), ('dengan', 'n'), ('fitur', 'a'), ('layanan', 'n'), ('e', 'n'), ('wallet', 'n'), ('yang', 'n'), ('digunakan', 'n'), ('sebagai', 'n'), ('alat', 'a'), ('transaksi', 'n'), ('untuk', 'a'), ('belanja', 'n'), ('online', 'n'), ('produk', 'n'), ('apa', 'n'), ('saja', 'n'), ('yang', 'n'), ('anda', 'n'), ('inginkan', 'a'), ('di', 'n'), ('shopee', 'n')];0.5;0.5;Positive
6;1461532213;[('gokil', 'n'), ('sih', 'n'), ('layanan', None), ('pesan', 'a'), ('antar', 'n'), ('nya', 'n'), ('terbaik', 'n')];0.0;0.0;Neutral
7;1,55668E+18;[('anggota', 'n'), ('polsek', 'n'), ('mondokan', 'n'), ('polres', None), ('sragen', 'a'), ('melaksanakan', 'a'), ('sosialisasi', 'n'), ('wa', 'n'), ('whatsapp', 'n'), ('center', 'n'), ('polres', None), ('sragen', 'a'), ('dengan', 'a'), ('nomor', 'n'), ('layanan', 'n'), ('kepada', 'n'), ('karyawan', 'n'), ('alfamart', 'n'), ('sumberejo', 'n')];0.1;-0.1;Negative
8;3195998996;[('saldo', 'n'), ('mu', 'n'), ('habis', 'n'), ('di', 'n'), ('waktu', 'n'), ('kritis', 'n'), ('tenang', 'n'), ('bisa', 'n'), ('langsung', 'n'), ('isi', 'n'), ('dekat', 'n'), ('rumah', 'n'), ('dateng', 'n'), ('aja', 'n'), ('ke', 'n'), ('alfamidi', 'n'), ('dan', 'a'), ('alfamart', 'n'), ('terdekat', 'n'), ('info', 'n'), ('lengkap', 'n'), ('cek', 'n'), ('pede', 'n'), ('apa', 'n'), ('bisa', 'n'), ('layanan', 'a'), ('customer', 'n'), ('service', 'n'), ('linkaja', 'r'), ('live', None), ('chat', 'n')];0.5;0.13636363636363635;Positive
9;1,50983E+18;[('layanan', 'n'), ('keluhan', 'n'), ('pelanggan', 'a'), ('dimana', 'a'), ('nih', 'n'), ('ada', None), ('oknum', 'n'), ('karyawan', 'n'), ('yg', 'n'), ('kasar', 'n'), ('terhadap', 'a'), ('konsumen', 'n'), ('pdahal', None), ('konsumen', 'n'), ('yg', None), ('sdh', 'a'), ('brlngganan', 'n'), ('lama', 'n'), ('nih', 'n')];0.0;0.0;Neutral
10;64909467;[('layanan', 'a'), ('alfamart', 'n'), ('bs', 'n'), ('mesen', 'n'), ('dari', 'n'), ('wa', 'n'), ('ini', 'n'), ('membantu', 'n'), ('bgt', 'n'), ('sihh', 'n'), ('walaupun', 'n'), ('kdg', 'n'), ('ada', 'n'), ('gerainya', 'n'), ('yg', 'n'), ('kirim', None), ('agak', 'a'), ('lama', 'n')];0.0;0.0;Neutral
11;373873801;[('baru', 'n'), ('tau', 'n'), ('klo', None), ('alfamart', 'r'), ('nyediain', 'a'), ('layanan', 'a'), ('antar', 'n'), ('galon', 'n'), ('air', 'n'), ('yang', None), ('gratis', None), ('ongkirr', 'a'), ('face', 'n'), ('holding', None), ('back', 'r'), ('tears', 'n'), ('sangat', None), ('membantu', 'a'), ('bagi', 'n'), ('aku', 'n'), ('yg', 'n'), ('engga', None), ('ada', 'a'), ('motor', 'n'), ('engga', 'n'), ('harus', 'n'), ('angkat', 'n'), ('beli', 'n'), ('dari', 'n'), ('toko', 'n')];0.0;0.0;Neutral
12;8,18706E+17;[('terdapat', 'n'), ('sebuah', 'n'), ('pengumuman', 'n'), ('ya', 'n'), ('gaess', 'n'), ('selama', 'n'), ('pelayanan', 'n'), ('libur', 'n'), ('pembayaran', 'n'), ('pajak', 'n'), ('kendaraan', 'n'), ('bermotor', 'n'), ('tahunan', 'n'), ('dpt', 'n'), ('dilakukan', 'n'), ('melalui', 'n'), ('layanan', 'n'), ('e', 'n'), ('channel', 'n'), ('samsat', None), ('jatim', 'n'), ('indomaret', 'a'), ('alfamart', 'r'), ('bank', 'n'), ('jatim', 'n'), ('griya', 'n'), ('bayar', 'n'), ('kb', 'n'), ('bukopin', 'n'), ('pos', 'n'), ('indonesia', 'a'), ('tokopedia', 'n'), ('link', 'n'), ('aja', 'n'), ('gopay', 'n'), ('amp', 'n'), ('aplikasi', None), ('signal', 'n')];0.0;0.0;Neutral
13;406715980;[('info', 'n'), ('layanan', 'n'), ('persiomay', None), ('siomay', 'a'), ('alfamart', 'n'), ('gergunung', 'n'), ('enak', None), ('bapak', 'n'), ('e', 'n'), ('naik', 'a'), ('motor', 'n'), ('pake', 'n'), ('panci', 'n'), ('blirik', 'n'), ('perbiji', 'n'), ('k', 'n')];0.0;0.0;Neutral
14;108774611;[('peringati', 'n'), ('hari', 'n'), ('gizi', None), ('nasional', 'a'), ('gebyar', 'n'), ('posyandu', 'a'), ('alfamart', 'n'), ('berikan', 'n'), ('layanan', 'n'), ('kesehatan', 'n'), ('gratis', 'n')];0.0;0.0;Neutral
15;293290619;[('sedekah', 'n'), ('awal', 'n'), ('tahun', 'n'), ('raih', 'n'), ('keberkahan', 'n'), ('di', 'n'), ('awal', 'n'), ('tahun', 'n'), ('ini', 'n'), ('dengan', 'n'), ('bersedekah', 'n'), ('mengiringi', 'n'), ('terbukanya', 'n'), ('pintu', 'n'), ('pintu', 'n'), ('kemudahan', 'n'), ('di', 'n'), ('sepanjang', 'n'), ('tahun', 'n'), ('mari', 'n'), ('bersedekah', 'n'), ('di', 'n'), ('baznas', 'n'), ('melalui', 'n'), ('kasir', None), ('alfamart', 'n'), ('di', 'n'), ('seluruh', 'n'), ('indonesia', 'n'), ('layanan', 'n'), ('baznas', 'n'), ('baznas', None), ('alfamart', 'r'), ('sedekah', 'n')];0.0;0.0;Neutral
16;99499844;[('halo', 'n'), ('layanan', 'n'), ('keluhan', 'n'), ('pelanggan', 'a'), ('dimana', 'a'), ('yah', 'n'), ('saya', 'n'), ('mendapat', 'n'), ('pelayanan', 'n'), ('yang', 'n'), ('tidak', 'n'), ('menyenangkan', 'n'), ('bahkan', 'n'), ('nge', 'n'), ('gas', 'n'), ('dan', 'n'), ('gak', 'n'), ('ada', 'n'), ('permisi', 'n'), ('maaf', 'n'), ('terima', 'n'), ('kasih', 'n'), ('mohon', 'n'), ('dibalas', 'n'), ('yah', None), ('terima', 'a'), ('kasih', 'n')];0.0;0.0;Neutral
17;2483586312;[('dear', 'a'), ('mohon', 'n'), ('diperbaiki', 'n'), ('unt', 'n'), ('layanan', 'n'), ('nya', 'a'), ('krn', 'n'), ('sdh', 'n'), ('beberapa', 'n'), ('kali', 'n'), ('pesanan', 'n'), ('yg', 'n'), ('saya', 'n'), ('terima', 'n'), ('tdk', 'n'), ('sesuai', 'n'), ('dan', 'n'), ('barusan', 'a'), ('saya', 'n'), ('jg', 'n'), ('terima', 'n'), ('skm', 'n'), ('yg', 'n'), ('kalengnya', 'n'), ('peyot', 'n'), ('terima', 'n'), ('kasih', 'n'), ('alfagift', 'n')];0.0;0.0;Neutral
18;9,69218E+17;[('patroli', 'n'), ('kewilayahan', None), ('personil', 'a'), ('polsek', 'n'), ('cikarang', 'n'), ('selatan', None), ('aiptu', 'a'), ('winarno', 'n'), ('melaksanakan', 'n'), ('sosialisasi', 'n'), ('layanan', 'n'), ('polri', 'n'), ('di', 'a'), ('alfamart', 'a'), ('desa', 'n'), ('sukaresmi', 'n'), ('untuk', 'a'), ('menyampaikan', 'a'), ('himbauan', 'n'), ('kamtibmas', 'n')];0.0;0.0;Neutral
19;1,57428E+18;[('kecewa', 'n'), ('banget', 'n'), ('sama', 'a'), ('pake', 'n'), ('layanan', 'n'), ('alfagift', 'n'), ('tapi', 'n'), ('pesenan', 'n'), ('gk', 'n'), ('pernah', 'n'), ('nyampe', None), ('kerumah', None), ('gk', None), ('ada', None), ('kabar', None), ('nomor', None), ('gk', None), ('bisa', None), ('di', None), ('hubungi', None), ('niat', None), ('gk', None), ('sih', None), ('pelayananburuk', None), ('pelanggankecewe', 'n'), ('badservice', 'n'), ('alfamart', 'n'), ('alfamidi', 'n')];0.0;0.0;Neutral
20;786998773;[('infor', 'a'), ('layanan', 'n'), ('masyarakat', 'n'), ('kopsu', 'n'), ('mr', 'n'), ('beam', 'n'), ('alfamart', 'n'), ('lagi', 'n'), ('promo', 'n'), ('k', None), ('paynent', 'a'), ('gopay', 'n'), ('mayan', 'n'), ('buat', 'n'), ('pondasi', 'n'), ('menjalani', 'n'), ('hari', 'n')];0.0;0.0;Neutral
21;1,37976E+18;[('bsi', 'n'), ('hadirkan', 'n'), ('layanan', 'n'), ('tarik', 'n'), ('tunai', 'n'), ('tanpa', 'n'), ('kartu', 'n'), ('di', 'a'), ('alfamart', 'n'), ('bandarlampung', 'n'), ('sumatra', 'n')];0.0;0.0;Neutral
22;2940371460;[('transaksi', 'n'), ('belanja', 'n'), ('makin', None), ('cepat', 'n'), ('dan', 'n'), ('simpel', 'n'), ('di', 'a'), ('alfamart', 'n'), ('dengan', 'n'), ('fitur', 'a'), ('qris', 'n'), ('dari', 'n'), ('dana', 'n'), ('mobitekno', 'n'), ('aplikasi', 'n'), ('dompet', 'n'), ('digital', 'a'), ('dana', 'n'), ('memperluas', 'n'), ('layanan', 'n'), ('bagi', 'n'), ('pengguna', 'n'), ('dengan', 'n'), ('menggandeng', 'n'), ('salah', 'n')];0.0;0.0;Neutral
23;1,37999E+18;[('wates', 'n'), ('bhabinkamtibmas', None), ('giripeni', 'a'), ('aipda', 'n'), ('sularni', 'n'), ('melaksanakan', 'n'), ('penempelan', 'n'), ('hotline', 'n'), ('kapolda', None), ('diy', 'a'), ('dan', 'n'), ('kapolres', 'n'), ('kulon', None), ('progo', 'n'), ('tentang', 'n'), ('layanan', 'a'), ('aduan', 'a'), ('masyarakat', 'n'), ('kepada', 'n'), ('polri', 'n'), ('di', 'n'), ('kantor', 'n'), ('kalurahan', None), ('giripeni', 'a'), ('alfamart', 'n'), ('graulan', 'n'), ('dan', None), ('atm', 'a'), ('bni', 'n'), ('sideman', 'n'), ('depan', 'n'), ('pt', None), ('putra', 'a'), ('patria', 'n'), ('adikarsa', None), ('jumat', 'n')];0.0;0.0;Neutral
24;503125705;[('perbaiki', 'n'), ('dulu', 'n'), ('layanan', 'n'), ('pengiriman', 'n'), ('ke', None), ('buyer', 'n'), ('lelet', 'n'), ('sekarang', 'n')];0.0;0.0;Neutral
25;1,22327E+18;[('nihh', 'a'), ('banyak', 'n'), ('komplen', None), ('terkait', 'a'), ('layanan', 'n'), ('anda', 'n')];0.0;0.0;Neutral
26;103806878;[('dapatkan', 'a'), ('bonus', 'n'), ('extra', None), ('poin', 'n'), ('di', 'a'), ('alfamart', 'n'), ('setiap', 'n'), ('melakukan', 'n'), ('pembayaran', 'n'), ('layanan', 'n'), ('telkom', 'n'), ('group', 'n'), ('sahabat', None), ('bisa', 'a'), ('mendapatkan', 'a'), ('bonus', 'n'), ('poinnya', 'n'), ('loo', 'n'), ('yuk', 'n'), ('buruan', 'a'), ('nikmati', 'a'), ('extra', None), ('poinnya', 'n'), ('di', 'a'), ('alfamart', 'n'), ('terdekat', 'n'), ('smiling', None), ('face', 'n'), ('heart', 'n'), ('eyes', 'n'), ('periode', None), ('desember', None), ('amp', 'n'), ('k', 'n'), ('berlaku', 'n')];0.1;0.0;Neutral
27;2505986557;[('sejak', 'n'), ('bulan', 'n'), ('januari', 'n'), ('premi', 'n'), ('bpjs', 'n'), ('kesehatan', 'n'), ('tidak', 'n'), ('bisa', 'n'), ('dibayarkan', 'n'), ('mulai', 'n'), ('dari', 'n'), ('layanan', None), ('mobile', 'a'), ('banking', 'n'), ('e', 'n'), ('commers', 'n'), ('alfamart', None), ('amp', 'a'), ('indomart', 'n'), ('sampai', 'n'), ('dengan', 'a'), ('kantor', 'n'), ('pos', 'n'), ('menyatakan', 'n'), ('pembayaran', 'n'), ('tidak', 'n'), ('bisa', 'n'), ('sehingga', 'n'), ('saat', 'n'), ('ini', 'n'), ('kepersetaan', 'n'), ('berstatus', 'n'), ('tidak', 'n'), ('aktif', 'n')];0.0;0.0;Neutral
28;103806878;[('sisa', 'n'), ('hari', 'n'), ('lagi', 'n'), ('nih', 'n'), ('sahabat', 'n'), ('face', 'n'), ('screaming', None), ('fear', 'n'), ('dengan', 'n'), ('pembayaran', None), ('bpjs', 'r'), ('ketenagakerjaan', 'a'), ('car', 'n'), ('life', 'n'), ('insurance', 'n'), ('atau', 'n'), ('layanan', 'n'), ('televisi', 'n'), ('di', 'a'), ('alfamart', 'n'), ('sahabat', 'n'), ('bisa', 'n'), ('mendapatkan', 'n'), ('chocopie', 'n'), ('secara', 'n'), ('gratis', 'n'), ('yuk', 'n'), ('buruan', 'a'), ('lakukan', 'a'), ('pembayarannya', 'n'), ('di', 'a'), ('alfamart', 'n'), ('terdekat', 'n'), ('periode', 'n'), ('des', 'n'), ('amp', 'a'), ('k', 'n'), ('berlaku', 'n')];0.0;0.0;Neutral
29;103802792;[('kalian', 'a'), ('tu', 'n'), ('gak', 'n'), ('punya', 'n'), ('cs', 'n'), ('tapi', 'n'), ('buka', 'n'), ('layanan', 'n'), ('cs', 'n'), ('ya', 'n'), ('ini', None), ('chat', None), ('dr', 'n'), ('bulan', 'n'), ('apa', None), ('gak', 'n'), ('pernah', 'n'), ('solved', None), ('di', 'a'), ('aplikasi', 'n'), ('diarahkan', 'n'), ('ke', 'n'), ('email', 'n'), ('juga', 'n'), ('gak', 'n'), ('ada', None), ('respon', 'n'), ('aku', 'n'), ('mau', 'n'), ('komplain', 'n')];0.0;0.0;Neutral
30;9,69218E+17;[('patroli', 'n'), ('kewilayahan', None), ('personil', 'a'), ('polsek', 'n'), ('cikarang', 'n'), ('selatan', None), ('aipda', 'a'), ('jon', 'n'), ('henry', 'n'), ('dan', 'n'), ('bripka', 'n'), ('acep', 'n'), ('melaksanakan', 'n'), ('sosialisasi', 'n'), ('layanan', 'n'), ('polri', 'n'), ('di', 'a'), ('alfamart', 'a'), ('desa', 'n'), ('sukaresmi', 'n'), ('untuk', 'a'), ('menyampaikan', 'a'), ('himbauan', 'n'), ('kamtibmas', 'n')];0.0;0.0;Neutral
31;1,48339E+18;[('parkir', 'a'), ('alfamart', 'n'), ('gratis', 'n'), ('itu', 'n'), ('layanan', 'n'), ('buat', 'n'), ('konsumen', 'n'), ('dan', None), ('pihak', 'a'), ('pt', 'n'), ('udah', 'a'), ('bayar', 'n'), ('retribusi', 'n'), ('juga', 'n'), ('ke', 'n'), ('pemda', 'n'), ('jadi', 'n'), ('itu', 'n'), ('kalo', 'n'), ('ada', 'n'), ('parkir', 'n'), ('di', 'n'), ('alfa', 'n'), ('indo', 'n'), ('masuknya', 'n'), ('pungli', 'n'), ('si', 'n')];0.0;0.0;Neutral
32;1,17031E+18;[('layanan', 'a'), ('alfagift', 'n'), ('mu', 'n'), ('sangat', 'n'), ('berarti', 'n'), ('tapi', 'n'), ('ya', 'n'), ('jangan', 'n'), ('sampe', None), ('nunggu', 'a'), ('sejam', 'n'), ('baru', 'n'), ('dateng', 'n')];0.0;0.0;Neutral
33;1,12208E+18;[('min', 'n'), ('mohon', 'n'), ('info', 'n'), ('cara', 'n'), ('kl', 'n'), ('mau', 'n'), ('bikin', None), ('pengaduan', 'n'), ('layanan', 'n'), ('konsumen', 'n'), ('dong', None)];0.0;0.0;Neutral
34;155657333;[('cek', 'n'), ('dm', 'n'), ('min', 'n'), ('komplain', 'n'), ('soal', 'n'), ('layanan', 'n'), ('pembayaran', 'n')];0.0;0.0;Neutral
35;73090798;[('disemua', 'a'), ('alfamart', 'n'), ('lah', 'n'), ('min', 'n'), ('kalau', 'n'), ('ada', 'n'), ('gangguan', 'a'), ('layanan', 'n'), ('pembayaran', 'n'), ('misal', 'n'), ('qris', None), ('atau', 'a'), ('ppob', 'n'), ('mending', None), ('ditulis', 'n'), ('di', 'r'), ('depan', None), ('pintu', 'a'), ('atau', 'n'), ('di', 'n'), ('depan', 'n'), ('kasir', 'n'), ('biar', 'n'), ('org', 'n'), ('ga', 'n'), ('ikut', 'n'), ('antri', 'n'), ('cmn', 'n'), ('buat', 'n'), ('dibilang', 'n'), ('gangguan', 'n')];0.0;0.0;Neutral
36;1,451E+18;[('kalo', 'n'), ('kontrakanmu', 'n'), ('deket', 'n'), ('alfamart', 'n'), ('yg', 'n'), ('ada', 'n'), ('layanan', None), ('pesan', 'a'), ('antar', 'n'), ('download', 'n'), ('aja', 'n'), ('apk', 'n'), ('alfagift', 'n'), ('nanti', 'a'), ('kamu', 'n'), ('bisa', 'n'), ('pesen', 'n'), ('jajan', 'n'), ('dan', 'n'), ('barang', 'n'), ('lain', 'n'), ('yang', 'n'), ('ada', 'n'), ('di', 'a'), ('alfamart', 'n'), ('dari', 'n'), ('rumah', 'n'), ('gratis', 'n'), ('ongkir', 'n'), ('kok', 'n'), ('kalo', 'n'), ('pembayarannya', 'n'), ('lewat', 'n'), ('e', 'n'), ('wallet', 'n'), ('atau', 'a'), ('banking', 'n'), ('gada', 'n'), ('min', 'n'), ('ordernya', 'n'), ('kalo', 'n'), ('mau', 'n'), ('cod', 'n'), ('min', 'n'), ('order', 'n'), ('k', 'n')];0.0;0.0;Neutral
37;108557222;[('lebih', 'n'), ('praktis', 'n'), ('kalau', 'n'), ('begitu', 'n'), ('mungkin', None), ('indomaret', 'a'), ('dan', 'n'), ('alfamart', 'n'), ('bisa', 'n'), ('tawarkan', 'n'), ('layanan', 'n'), ('titip', 'n'), ('alamat', 'n'), ('semacam', 'n'), ('ini', 'n'), ('kalau', 'n'), ('di', 'n'), ('indonesia', 'n'), ('saat', 'n'), ('ini', 'n'), ('bisa', 'n'), ('dikirim', 'a'), ('ke', 'n'), ('alamat', 'n'), ('agen', 'n'), ('kurir', 'n'), ('di', 'n'), ('kota', 'n'), ('yg', 'n'), ('kita', None), ('inginkan', 'a'), ('asal', 'n'), ('pakai', 'n'), ('kurir', 'n'), ('yang', 'n'), ('sama', 'n')];0.0;0.0;Neutral
38;293290619;[('layanan', 'a'), ('kurban', 'n'), ('email', 'n'), ('layananmuzaki', 'n'), ('baznas', 'n'), ('go', None), ('id', 'a'), ('baznas', 'n'), ('kurban', None), ('kurbanberkahbaznas', 'n'), ('alfamart', None)];0.0;0.0;Neutral
39;1,65988E+18;[('update', 'a'), ('siwon', None), ('oh', 'a'), ('iya', 'n'), ('info', 'n'), ('layanan', 'n'), ('masyarakat', 'n'), ('elf', None), ('kalau', None), ('masih', 'a'), ('ada', 'n'), ('yg', 'n'), ('nyari', 'a'), ('tapcash', 'n'), ('siwon', None), ('tadi', 'a'), ('di', 'a'), ('alfamart', 'n'), ('daerah', 'n'), ('joglo', 'n'), ('depan', 'n'), ('mcd', 'n'), ('kl', 'n'), ('ga', 'n'), ('salah', 'n'), ('masih', 'n'), ('ada', 'n'), ('beberapa', 'n')];0.0;0.0;Neutral
40;65303894;[('guys', 'n'), ('ada', None), ('platform', 'n'), ('investasi', 'n'), ('bisnis', 'n'), ('bagus', 'n'), ('kita', None), ('bisa', 'a'), ('punya', 'n'), ('bisnis', 'n'), ('alfamart', 'n'), ('hingga', None), ('sour', 'a'), ('sally', 'r'), ('mulai', None), ('dari', 'a'), ('rp', 'n'), ('juta', 'n'), ('pakai', 'n'), ('kode', 'n'), ('mdlt', 'n'), ('f', 'a'), ('dan', 'n'), ('dapatkan', 'a'), ('cashback', 'n'), ('biaya', 'n'), ('layanan', 'n'), ('untuk', 'a'), ('investasi', 'n'), ('perdanamu', 'n'), ('yuk', 'n'), ('daftar', 'n'), ('sekarang', 'n'), ('juga', 'n'), ('di', 'n'), ('kuota', 'n'), ('terbatas', 'n')];0.09999999999999999;-0.15000000000000002;Negative
41;1,58846E+18;[('linkaja', 'n'), ('indonesia', 'n'), ('menit', 'n'), ('saldomu', 'n'), ('habis', 'n'), ('waktu', 'n'), ('kritis', 'n'), ('tenang', 'n'), ('isi', 'n'), ('langsung', 'n'), ('di', None), ('alfamart', 'a'), ('dan', 'n'), ('alfamidi', 'n'), ('terdekat', 'n'), ('info', 'n'), ('lengkap', 'n'), ('cek', 'n'), ('pede', 'n'), ('apa', 'n'), ('bisa', 'n'), ('layanan', 'n'), ('customer', 'n'), ('sevice', 'n'), ('linkaja', 'n'), ('live', None), ('chat', 'n')];0.5;0.13636363636363635;Positive
42;551984440;[('alfamart', 'r'), ('indomaret', 'a'), ('serta', 'n'), ('toserba', 'n'), ('amp', None), ('supermarket', 'n'), ('yg', 'n'), ('masih', 'n'), ('membuka', 'n'), ('layanan', 'n'), ('di', 'n'), ('hari', 'n'), ('raya', 'n'), ('jg', 'n')];0.0;0.0;Neutral
43;126539216;[('bca', 'n'), ('atm', 'n'), ('banyak', 'n'), ('di', 'a'), ('alfamart', 'n'), ('indomaret', 'n'), ('spbu', 'n'), ('layanan', 'n'), ('transaksi', 'n'), ('teller', 'n'), ('tercepat', 'n'), ('di', 'n'), ('indonesia', 'n'), ('kcp', 'n'), ('banyak', 'n')];0.0;0.0;Neutral
44;155504501;[('kecewa', 'n'), ('bgt', 'n'), ('sama', 'n'), ('layanan', 'n'), ('delivery', 'n'), ('alfa', 'n'), ('dulu', 'n'), ('selalu', 'n'), ('time', 'n'), ('skrg', 'a'), ('lambat', 'n'), ('bgt', 'n')];0.0;0.0;Neutral
45;1,06568E+18;[('bnr', 'n'), ('ngebantu', None), ('bgt', 'n'), ('bagi', 'n'), ('aku', 'n'), ('yg', 'n'), ('ga', 'n'), ('punya', 'n'), ('org', 'n'), ('yg', 'n'), ('bs', 'n'), ('ku', 'n'), ('mintai', 'n'), ('tolong', 'a'), ('sedih', 'n'), ('bgt', 'n'), ('utk', 'a'), ('aku', 'n'), ('yg', 'n'), ('lg', 'a'), ('sakit', 'n'), ('ampe', 'n'), ('mau', 'n'), ('bediri', 'n'), ('aja', 'n'), ('rasanya', 'n'), ('ga', 'n'), ('kuat', 'n'), ('apalagi', 'n'), ('jalan', 'n'), ('ke', None), ('gitu', 'n'), ('ya', 'n'), ('sedih', 'n'), ('tp', 'n'), ('makasih', 'n'), ('byk', 'n'), ('alfagift', 'n'), ('utk', 'a'), ('layanan', 'n'), ('home', 'n'), ('delivery', 'n'), ('yg', 'n'), ('sgt', 'n'), ('membantu', 'n'), ('ini', 'n'), ('feeong', 'a'), ('lg', 'n'), ('frowning', None), ('face', 'n'), ('loudly', 'r'), ('crying', None), ('face', 'n'), ('red', 'a'), ('heart', 'n')];0.3;-0.1;Negative
46;3399887298;[('dulu', 'n'), ('saya', 'n'), ('lebih', 'n'), ('sering', None), ('belanja', 'a'), ('di', 'a'), ('alfamart', 'n'), ('sekarang', 'n'), ('lebih', 'n'), ('sreg', 'n'), ('ke', 'n'), ('indomaret', 'a'), ('alasannya', 'n'), ('karena', 'n'), ('di', None), ('alfamart', 'r'), ('rasanya', 'a'), ('lebih', 'a'), ('lama', 'n'), ('layanan', 'n'), ('di', 'n'), ('kasir', 'n'), ('sehingga', 'n'), ('tidak', 'n'), ('jarang', 'n'), ('ketemu', 'n'), ('antrian', 'a'), ('dibanding', None), ('di', 'n'), ('indomaret', 'a'), ('kedua', 'n'), ('dia', 'n'), ('indomaret', 'a'), ('sering', None), ('ada', 'a'), ('atm', 'n'), ('sekalian', 'a'), ('jadinya', 'n')];0.0;0.0;Neutral
47;1,57896E+18;[('coba', 'n'), ('hubungi', 'n'), ('kontak', 'n'), ('layanan', 'n'), ('customer', 'n'), ('alfamart', 'n'), ('cabang', 'n'), ('itu', 'n'), ('aduin', 'n'), ('aja', 'n')];0.0;0.0;Neutral
48;289267785;[('hai', 'n'), ('family', 'n'), ('midi', None), ('sudah', 'n'), ('tau', 'n'), ('belum', 'n'), ('alfamidi', 'n'), ('udah', 'a'), ('menyediakan', 'n'), ('layanan', 'n'), ('antar', 'n'), ('loh', 'n'), ('yuk', 'n'), ('download', 'n'), ('aplikasi', 'n'), ('midi', 'n'), ('kriing', None), ('di', 'a'), ('hp', 'n'), ('mu', 'n'), ('atau', 'n'), ('bisa', 'n'), ('klik', 'n'), ('tautan', 'n'), ('untuk', 'a'), ('download', 'n'), ('aplikasinya', 'n'), ('terima', 'n'), ('kasih', 'n'), ('banyak', 'n'), ('np', 'n')];0.0;0.0;Neutral
49;1,18219E+18;[('rencananya', 'n'), ('mesin', 'n'), ('atm', 'n'), ('qris', 'n'), ('ditempatkan', 'a'), ('di', 'n'), ('titik', 'n'), ('titik', 'n'), ('yang', 'n'), ('banyak', 'n'), ('membutuhkan', 'n'), ('layanan', 'n'), ('seperti', 'n'), ('kantor', 'n'), ('pos', 'a'), ('alfamart', 'a'), ('dan', 'n'), ('kantor', 'n'), ('pemerintah', 'n'), ('di', 'n'), ('kabupaten', None), ('kota', 'a'), ('tujuannya', 'n'), ('agar', 'n'), ('lebih', 'n'), ('tertib', 'n'), ('membayar', 'n'), ('pajak', 'n'), ('kendaraan', 'n'), ('bermotor', 'n'), ('tandasnya', 'n')];0.0;0.0;Neutral
50;630259671;[('semurah', 'n'), ('apapun', 'n'), ('belanja', 'n'), ('di', 'n'), ('tiptop', 'n'), ('tetap', 'n'), ('memilih', 'n'), ('superindo', 'n'), ('indomaret', 'a'), ('alfamidi', 'a'), ('alfamart', 'n'), ('aneka', 'n'), ('buana', 'n'), ('dsb', 'n'), ('kecepatan', 'n'), ('layanan', 'n'), ('dikasir', 'n'), ('nomor', 'n'), ('buat', 'n'), ('saya', 'n'), ('promo', 'n'), ('point', 'n'), ('sekian', 'n')];0.0;0.0;Neutral
51;1,46065E+18;[('fitur', 'n'), ('dari', 'n'), ('layanan', 'n'), ('simobiplus', 'n'), ('ialah', 'a'), ('fitur', 'n'), ('lifestyle', 'a'), ('alfamart', 'n'), ('yuk', 'n'), ('ikutan', 'a'), ('besti', 'n'), ('banksinarmas', 'n'), ('berlahplussimobiplus', 'n')];0.0;0.0;Neutral
52;1,46065E+18;[('fitur', 'n'), ('dari', 'n'), ('layanan', 'n'), ('simobiplus', 'n'), ('ialah', 'a'), ('fitur', 'n'), ('lifestyle', 'a'), ('alfamart', 'n'), ('yuk', 'n'), ('ikutan', 'a'), ('besti', 'n'), ('banksinarmas', 'n'), ('berlahplussimobiplus', 'n')];0.0;0.0;Neutral
53;9,65872E+17;[('yuk', 'n'), ('ceritain', 'n'), ('keluhan', 'n'), ('kamu', None), ('di', 'a'), ('layanan', 'n'), ('cs', 'n'), ('dana', 'n'), ('email', 'n'), ('help', 'n'), ('dana', None), ('id', 'a'), ('kalo', 'n'), ('udah', 'a'), ('mohon', 'n'), ('ditunggu', 'n'), ('ya', 'n'), ('kak', 'n'), ('folded', None), ('hands', 'n'), ('thanks', 'n'), ('yu', None)];0.2;0.2;Positive
54;83074439;[('saya', 'n'), ('sendiri', 'n'), ('udah', 'a'), ('jarang', 'n'), ('pakai', 'n'), ('layanan', None), ('food', 'n'), ('delivery', 'n'), ('karena', 'n'), ('biayanya', 'n'), ('makin', None), ('besar', 'n'), ('grinning', None), ('face', 'n'), ('sweat', 'n'), ('buat', 'n'), ('belanja', 'n'), ('groceries', 'n'), ('sekarang', None), ('lebih', 'a'), ('sering', None), ('pakai', 'a'), ('alfagift', 'n'), ('karena', 'n'), ('cepet', 'n'), ('banget', 'n'), ('diantar', 'n'), ('dari', 'a'), ('alfamart', 'n'), ('terdekat', 'n'), ('dan', 'n'), ('tidak', 'n'), ('ada', 'n'), ('minimum', 'a'), ('order', 'n'), ('jadi', 'n'), ('tanpa', 'n'), ('promo', 'n'), ('pun', 'n'), ('ga', 'n'), ('masalah', 'n'), ('buat', 'n'), ('saya', 'n')];0.0;0.0;Neutral
55;32316500;[('kl', 'n'), ('di', 'n'), ('gianyar', 'n'), ('bali', 'a'), ('area', 'n'), ('rumah', 'n'), ('sering', None), ('belanja', 'a'), ('di', 'n'), ('clandys', 'n'), ('ary', 'a'), ('indomart', 'a'), ('alfamart', 'n'), ('alasannya', 'n'), ('krn', 'n'), ('deket', 'n'), ('rumah', 'n'), ('harga', None), ('ok', 'a'), ('atau', None), ('ada', 'a'), ('layanan', 'a'), ('delivery', 'n'), ('kl', 'n'), ('ke', 'n'), ('denpasar', 'n'), ('br', 'n'), ('melipir', 'n'), ('ke', 'n'), ('grand', 'a'), ('lucky', 'a'), ('papaya', 'n'), ('pepito', 'n'), ('ud', 'a'), ('ga', 'n'), ('pernah', 'n'), ('ke', 'n'), ('lotte', 'n'), ('mart', 'n'), ('amp', None), ('transmart', 'n'), ('barang', 'n'), ('ga', 'n'), ('lengkap', 'n'), ('amp', 'n'), ('jauh', 'n')];0.7777777777777778;0.4444444444444444;Positive
56;620977821;[('layanan', 'n'), ('halo', 'n'), ('bca', 'n'), ('untuk', 'a'), ('pengecekan', 'n'), ('lebih', 'n'), ('lanjut', 'n'), ('karena', 'n'), ('membutuhkan', 'n'), ('proses', None), ('verifikasi', 'a'), ('data', 'n'), ('melalui', 'n'), ('telepon', None), ('sebagai', 'a'), ('informasi', 'n'), ('saat', 'n'), ('ini', 'n'), ('ada', 'n'), ('cara', 'n'), ('lain', 'n'), ('menghubungi', 'n'), ('halo', 'n'), ('bca', 'n'), ('menggunakan', 'n'), ('akses', None), ('data', 'n'), ('internet', 'n'), ('tanpa', 'n'), ('pulsa', 'n'), ('yaitu', 'n'), ('menggunakan', 'n'), ('aplikasi', 'n'), ('halobca', 'n'), ('yang', 'n'), ('giyo', 'n')];0.0;0.0;Neutral
57;3711634338;[('hi', 'n'), ('leminz', 'n'), ('selain', 'n'), ('melalui', 'a'), ('alfamart', 'n'), ('kamu', 'n'), ('bisa', 'n'), ('menggunakan', 'n'), ('layanan', 'n'), ('melalui', 'n'), ('le', 'a'), ('minerale', 'a'), ('delivery', 'n'), ('langsung', 'n'), ('whatsapp', 'n'), ('ke', 'n'), ('ya', 'n'), ('thankyou', 'n'), ('smiling', None), ('face', 'n'), ('smiling', None), ('eyes', 'n')];0.0;0.0;Neutral
58;1398703135;[('akun', 'n'), ('resmi', 'n'), ('medsos', 'n'), ('bri', 'n'), ('sudah', 'n'), ('ter', 'n'), ('verified', None), ('ya', 'a'), ('untuk', 'a'), ('mendapatkan', 'n'), ('layanan', 'n'), ('yang', 'n'), ('lebih', 'n'), ('seru', 'n'), ('silakan', 'a'), ('menghubungi', 'n'), ('contact', 'n'), ('bri', None), ('sabrina', 'a'), ('whatsapp', 'n'), ('tks', 'n'), ('oris', 'n')];0.0;0.0;Neutral
59;589600174;[('toko', 'n'), ('retail', 'a'), ('yang', 'n'), ('telah', 'n'), ('bekerjasama', 'n'), ('indomaret', 'a'), ('alfamart', 'n'), ('alfamidi', 'n'), ('lawson', 'n'), ('superindo', 'a'), ('hypermart', 'a'), ('circle', 'n'), ('k', 'n'), ('dan', None), ('family', 'n'), ('mart', 'n'), ('layanan', 'n'), ('e', 'n'), ('commerce', 'n'), ('halte', 'n'), ('transjakarta', 'n'), ('gerbang', 'n'), ('gerbang', 'n'), ('tol', 'n'), ('utama', 'n'), ('cabang', None), ('bank', 'n'), ('mandiri', 'n')];0.0;0.0;Neutral
60;69490387;[('min', 'n'), ('pernah', 'n'), ('kepikiran', None), ('ga', 'a'), ('buat', 'n'), ('memikirkan', 'n'), ('fasilitas', 'n'), ('keamanan', None), ('memanfaatkan', 'a'), ('layanan', 'n'), ('jasa', 'n'), ('satuan', 'a'), ('pengamanan', 'n'), ('di', 'n'), ('hrd', 'n'), ('nya', 'n')];0.0;0.0;Neutral
61;620977821;[('kami', 'n'), ('turut', 'n'), ('prihatin', 'n'), ('atas', 'a'), ('kendalanya', 'n'), ('ibu', 'n'), ('mengajukan', 'n'), ('refund', 'n'), ('ke', None), ('layanan', 'a'), ('apa', 'n'), ('tks', 'n'), ('slightly', 'r'), ('smiling', None), ('face', 'n'), ('tian', 'n')];0.16666666666666666;-0.16666666666666666;Negative
62;255409050;[('maksud', 'n'), ('dari', None), ('virtual', 'a'), ('account', 'n'), ('itu', 'a'), ('nomor', 'a'), ('virtual', 'a'), ('account', 'n'), ('dari', 'n'), ('masing', None), ('masing', None), ('layanan', 'a'), ('perbankan', 'a'), ('kak', 'n'), ('kamu', 'n'), ('juga', 'n'), ('bisa', 'n'), ('bayar', 'n'), ('pascabayr', 'n'), ('di', 'n'), ('gerai', 'n'), ('retail', 'a'), ('alfamart', 'n'), ('indomaret', 'n'), ('pegadaian', 'a'), ('pos', 'n'), ('makasih', 'n'), ('rasya', 'n')];0.0;0.0;Neutral
63;141500996;[('tidak', 'n'), ('dikenakan', 'n'), ('biaya', 'n'), ('dan', 'n'), ('indomaret', 'a'), ('atau', 'a'), ('alfamart', 'n'), ('dikenakan', 'n'), ('biaya', 'n'), ('rp', 'n'), ('transaksi', 'a'), ('bsi', 'a'), ('net', 'n'), ('banking', 'n'), ('atau', 'n'), ('melalui', 'n'), ('layanan', 'n'), ('kantor', 'n'), ('cabang', 'n'), ('bsi', 'n'), ('dengan', 'a'), ('membawa', 'a'), ('buku', 'n'), ('tabungan', 'n'), ('kartu', None), ('atm', 'a'), ('dan', 'n'), ('ktp', 'n'), ('asli', 'n'), ('mohon', 'n'), ('tidak', 'n'), ('memberikan', 'n'), ('data', 'n'), ('pribadi', 'n'), ('yang', 'n'), ('bersifat', 'n'), ('rahasia', 'n'), ('cont', 'n')];0.0;0.0;Neutral
64;949032626;[('baik', 'n'), ('apabila', 'n'), ('masih', 'n'), ('terkendala', 'n'), ('kami', 'n'), ('sarankan', 'a'), ('melalui', 'n'), ('layanan', 'n'), ('dm', 'n'), ('ini', 'n'), ('untuk', 'a'), ('proses', 'n'), ('tindak', None), ('lanjut', 'a'), ('ya', 'n'), ('terima', 'n'), ('kasih', 'n'), ('hamdan', 'n')];0.0;0.0;Neutral
65;3272444328;[('atau', 'n'), ('melalui', 'n'), ('mitra', 'a'), ('kerjasama', 'n'), ('kami', 'n'), ('seperti', 'n'), ('indomaret', 'a'), ('alfamart', 'n'), ('dan', 'n'), ('alfamidi', 'n'), ('namun', 'n'), ('keluhan', 'n'), ('kakak', None), ('akan', 'a'), ('menjadi', 'n'), ('perhatian', 'a'), ('dalam', 'n'), ('meningkatkan', 'n'), ('kualitas', 'n'), ('layanan', None), ('bni', 'a'), ('kedepannya', 'n'), ('waspada', 'n'), ('ya', 'n'), ('kak', None), ('dengan', 'a'), ('info', 'a'), ('perubahan', 'n'), ('biaya', 'n'), ('transfer', 'n'), ('online', 'n'), ('antar', 'n'), ('bank', 'n'), ('dan', 'n'), ('info', 'n'), ('lainnya', 'n')];0.0;0.0;Neutral
66;589600174;[('toko', 'n'), ('retail', 'a'), ('yg', 'n'), ('telah', 'n'), ('bekerjasama', 'n'), ('indomaret', 'a'), ('alfamart', 'n'), ('alfamidi', 'n'), ('lawson', 'n'), ('superindo', 'a'), ('hypermart', 'a'), ('circle', 'n'), ('k', 'n'), ('dan', None), ('family', 'n'), ('mart', 'n'), ('layanan', 'n'), ('e', 'n'), ('commerce', 'n'), ('halte', 'n'), ('transjakarta', 'n'), ('gerbang', 'n'), ('gerbang', 'n'), ('tol', 'n'), ('utama', 'a'), ('kc', 'n'), ('bank', 'n'), ('mandiri', 'n')];0.0;0.0;Neutral
67;1355939492;[('akun', 'n'), ('resmi', 'n'), ('media', 'n'), ('sosial', 'a'), ('bri', 'n'), ('sudah', 'n'), ('ter', 'n'), ('verified', None), ('ya', 'a'), ('untuk', 'a'), ('mendapatkan', 'n'), ('layanan', 'n'), ('yang', 'n'), ('lebih', 'n'), ('seru', 'n'), ('silakan', 'a'), ('menghubungi', 'n'), ('contact', 'n'), ('bri', None), ('sabrina', 'a'), ('whatsapp', 'n'), ('tks', 'n'), ('sora', 'n')];0.0;0.0;Neutral
68;7,65035E+17;[('waduh', 'n'), ('kak', None), ('ale', 'a'), ('jika', 'n'), ('masih', 'n'), ('terkendala', 'n'), ('melakukan', 'n'), ('pembayaran', 'n'), ('bisa', 'n'), ('melalui', 'n'), ('atm', 'a'), ('banking', 'n'), ('link', 'n'), ('aja', None), ('tokopedia', 'a'), ('plasa', 'n'), ('telkom', 'n'), ('indomaret', 'a'), ('kantor', 'n'), ('pos', 'n'), ('alfamidi', None), ('alfamart', 'n'), ('pembayaran', 'n'), ('menggunakan', 'n'), ('nomer', 'n'), ('layanan', 'n'), ('internet', 'n'), ('yang', 'n'), ('terdiri', 'n'), ('dari', 'n'), ('digit', 'n'), ('angka', 'a'), ('dan', 'n'), ('diawali', 'n'), ('angka', None)];0.0;0.0;Neutral
69;7,65035E+17;[('waduh', 'n'), ('sobat', 'n'), ('jika', None), ('masih', 'n'), ('terkendala', 'n'), ('melakukan', 'n'), ('pembayaran', 'n'), ('bisa', 'n'), ('melalui', 'n'), ('atm', 'a'), ('banking', 'n'), ('link', 'n'), ('aja', None), ('tokopedia', 'a'), ('plasa', 'n'), ('telkom', 'n'), ('indomaret', 'a'), ('kantor', 'n'), ('pos', 'n'), ('alfamidi', None), ('alfamart', 'n'), ('pembayaran', 'n'), ('menggunakan', 'n'), ('nomer', 'n'), ('layanan', 'n'), ('internet', 'n'), ('yang', 'n'), ('terdiri', 'n'), ('dari', 'n'), ('digit', 'n'), ('angka', 'a'), ('dan', 'n'), ('diawali', 'n'), ('angka', None)];0.0;0.0;Neutral
70;9,65872E+17;[('hi', 'n'), ('kak', 'n'), ('biar', 'n'), ('keluhan', 'n'), ('cepet', 'n'), ('ditangani', 'n'), ('yuk', 'n'), ('hubungi', 'n'), ('layanan', 'r'), ('live', 'a'), ('chat', 'n'), ('kami', None), ('caranya', 'a'), ('gampang', 'n'), ('buka', 'n'), ('aplikasi', 'n'), ('dana', 'n'), ('pilih', 'n'), ('menu', None), ('saya', None), ('klik', 'a'), ('resolution', 'n'), ('center', 'n'), ('pusat', None), ('resolusi', 'a'), ('klik', 'n'), ('menu', 'n'), ('chat', None), ('obrolan', None), ('pada', None), ('pojok', 'a'), ('kanan', 'n'), ('bawah', 'n'), ('pilih', 'n'), ('kendala', 'n'), ('yang', 'n'), ('sesuai', 'n'), ('tks', 'n'), ('nd', 'n')];0.3;0.018181818181818174;Positive
71;1,63425E+18;[('halo', 'n'), ('min', 'n'), ('apakah', 'n'), ('layanan', 'n'), ('dana', 'n'), ('sedang', 'n'), ('bermasalah', 'n'), ('soal', 'n'), ('nya', 'a'), ('saya', 'n'), ('mengisi', 'n'), ('dana', 'n'), ('di', 'a'), ('alfamart', 'n'), ('k', 'n'), ('yang', 'n'), ('nyampe', None), ('k', None), ('itu', 'a'), ('gimana', 'n'), ('yah', 'n'), ('min', 'n')];0.0;0.0;Neutral
72;489137471;[('pengalaman', 'n'), ('perbedaan', 'n'), ('layanan', 'n'), ('berisiko', 'n'), ('error', 'n'), ('dana', 'n'), ('ngga', 'a'), ('masuk', 'n'), ('dulu', 'n'), ('pernah', 'n'), ('kejadian', 'a'), ('di', 'a'), ('alfamart', 'n'), ('dana', 'n'), ('udah', 'a'), ('kepotong', 'a'), ('tapi', 'n'), ('ga', 'n'), ('masuk', 'n'), ('di', 'n'), ('sisi', 'n'), ('mereka', 'n')];0.0;0.0;Neutral
73;141500996;[('assalamualaikum', 'n'), ('kak', 'n'), ('terima', 'n'), ('kasih', 'n'), ('telah', 'n'), ('menghubungi', 'n'), ('layanan', 'n'), ('kami', 'n'), ('dapat', 'n'), ('kami', 'n'), ('informasikan', 'a'), ('untuk', 'a'), ('transaksi', 'n'), ('tarik', 'n'), ('tunai', 'n'), ('tanpa', 'n'), ('kartu', 'n'), ('debit', 'n'), ('cardless', 'a'), ('dapat', 'n'), ('dilakukan', 'n'), ('melalui', 'n'), ('mesin', 'n'), ('atm', 'n'), ('bsi', 'n'), ('indomaret', 'a'), ('dan', 'n'), ('alfamart', 'n'), ('ya', 'n'), ('kak', None), ('untuk', 'a'), ('transaksi', 'n'), ('cardless', 'n'), ('melalui', 'n'), ('cont', 'n')];0.0;0.0;Neutral
74;104065886;[('langsung', 'n'), ('buruan', 'n'), ('di', 'n'), ('cek', 'n'), ('yuk', 'n'), ('katalog', 'n'), ('promo', 'n'), ('jsm', 'n'), ('alfamauntuk', 'n'), ('besok', 'n'), ('berlaku', 'n'), ('mulai', 'n'), ('tanggal', 'a'), ('desember', 'n'), ('yuk', 'n'), ('buruan', 'a'), ('ke', 'a'), ('alfamart', 'n'), ('terdekat', 'n'), ('hari', 'n'), ('ini', 'n'), ('atau', 'n'), ('bisa', 'n'), ('lewat', 'n'), ('aplikasi', 'n'), ('alfagift', 'n'), ('biar', 'n'), ('belanja', 'n'), ('jadimakin', 'n'), ('mudah', 'n'), ('cepat', 'n'), ('dan', 'n'), ('hemat', 'n'), ('dengan', 'n'), ('layanan', None), ('siap', 'a'), ('antar', 'n'), ('gratis', 'n'), ('ongkir', 'n')];0.0;0.0;Neutral
75;168341594;[('sama', 'n'), ('aja', 'n'), ('bro', 'n'), ('di', None), ('offline', 'n'), ('juga', 'n'), ('kena', 'n'), ('parkir', 'n'), ('malah', 'n'), ('kalau', 'n'), ('di', 'n'), ('kali', 'n'), ('satu', 'n'), ('bulan', 'n'), ('lebih', None), ('mahal', 'a'), ('lagj', 'n'), ('victory', 'n'), ('hand', 'n'), ('asal', 'n'), ('layanan', 'n'), ('sebanding', None), ('ok', 'a'), ('aja', 'n'), ('lah', 'n'), ('kl', 'n'), ('saya', 'n'), ('anggep', 'n'), ('aja', 'n'), ('tukang', 'n'), ('parkir', 'n'), ('online', 'n'), ('grinning', None), ('face', 'n'), ('smiling', None), ('eyes', 'n')];0.5;0.5;Positive
76;184313539;[('pesanan', 'n'), ('baru', 'n'), ('saya', 'n'), ('terima', 'n'), ('terima', 'n'), ('kasih', 'n'), ('cukup', 'n'), ('sekali', 'n'), ('ini', 'n'), ('saja', 'n'), ('menggunakan', 'n'), ('layanan', 'a'), ('delivery', 'n'), ('dari', 'n'), ('whatsapp', 'n'), ('alfacare', 'n'), ('sampe', 'a'), ('medsos', 'n'), ('pun', 'n'), ('gak', 'n'), ('ada', 'n'), ('gercepnya', 'n'), ('sama', 'n'), ('sekali', 'n'), ('gak', 'n'), ('ada', None), ('respon', 'n'), ('pantesan', 'a'), ('kalah', 'n'), ('sama', 'n'), ('yang', 'n'), ('delivery', 'n'), ('nya', 'n'), ('memuaskan', 'n'), ('sesuai', 'n'), ('estimasi', 'n'), ('hehehe', 'n')];0.0;0.0;Neutral
77;9,65872E+17;[('hai', 'n'), ('kak', 'n'), ('maaf', 'n'), ('dah', 'n'), ('bikin', None), ('kamu', 'n'), ('nggak', 'n'), ('tenang', 'n'), ('apabila', 'n'), ('kakak', 'n'), ('menalami', 'n'), ('kendala', 'n'), ('top', None), ('pada', 'a'), ('alfamart', 'n'), ('kakak', 'n'), ('dapat', 'n'), ('melakukan', 'n'), ('top', None), ('melalui', 'a'), ('metode', 'n'), ('lainnya', 'n'), ('jika', None), ('masih', 'n'), ('terkendala', 'n'), ('silakan', 'a'), ('hubungi', 'n'), ('layanan', 'n'), ('asisten', 'a'), ('digital', 'a'), ('diana', 'n'), ('kalo', 'n'), ('udh', 'a'), ('yuk', 'n'), ('dm', 'n'), ('kami', None), ('laporannya', 'a'), ('makasi', 'n'), ('mc', 'n')];0.3333333333333333;0.3333333333333333;Positive
78;1,30933E+18;[('lokasi', 'n'), ('layanan', 'n'), ('sim', 'n'), ('keliling', None), ('sukabumi', 'a'), ('pada', 'n'), ('hari', 'n'), ('ini', 'n'), ('rabu', 'n'), ('juni', 'n'), ('berlokasi', 'n'), ('di', 'a'), ('alfamart', 'n'), ('cikawung', 'n'), ('nyalindung', 'n'), ('mulai', 'n'), ('pukul', 'n'), ('wib', 'n')];0.0;0.0;Neutral
79;1,30933E+18;[('lokasi', 'n'), ('layanan', 'n'), ('sim', 'n'), ('keliling', None), ('bogor', 'n'), ('pada', 'n'), ('hari', 'n'), ('ini', 'n'), ('rabu', 'n'), ('mei', 'n'), ('berlokasi', 'n'), ('di', 'a'), ('alfamart', 'n'), ('spbu', 'n'), ('cinangneng', 'n'), ('waktu', 'n'), ('pendaftaran', 'n'), ('mulai', 'n'), ('pukul', 'n'), ('wib', 'n')];0.0;0.0;Neutral
80;1,30933E+18;[('lokasi', 'n'), ('layanan', 'n'), ('sim', 'n'), ('keliling', None), ('sukabumi', 'a'), ('pada', 'n'), ('hari', 'n'), ('ini', 'n'), ('rabu', 'n'), ('mei', 'n'), ('berlokasi', 'n'), ('di', 'a'), ('alfamart', 'n'), ('cikawung', 'n'), ('nyalindung', 'n'), ('mulai', 'n'), ('pukul', 'n'), ('wib', 'n')];0.0;0.0;Neutral
81;1,10512E+18;[('kalo', 'n'), ('udah', 'a'), ('gini', 'n'), ('harusnya', 'n'), ('sih', 'n'), ('nanya', 'a'), ('ke', 'n'), ('gojek', 'n'), ('bukan', 'n'), ('ke', 'n'), ('driver', 'n'), ('apalagi', 'n'), ('status', 'n'), ('driver', 'n'), ('cuma', None), ('mitra', 'a'), ('kerja', 'n'), ('dan', 'n'), ('biaya', 'n'), ('layanan', 'n'), ('termasuk', 'n'), ('parkir', 'n'), ('ini', 'n'), ('ga', 'n'), ('di', 'n'), ('semua', 'n'), ('resto', 'n'), ('bisa', 'n'), ('jg', 'n'), ('casenya', 'n'), ('resto', 'n'), ('gratis', 'n'), ('parkir', 'n'), ('tp', 'n'), ('ternyata', 'n'), ('ada', 'n'), ('tukang', 'n'), ('parkir', 'n'), ('mirip', 'n'), ('di', 'n'), ('indo', 'a'), ('alfamart', 'n'), ('gitu', 'n')];0.0;0.0;Neutral
82;7,65035E+17;[('nio', 'a'), ('sarankan', 'n'), ('kakak', 'n'), ('mencoba', 'n'), ('menggunakan', 'n'), ('metode', 'n'), ('pembayaran', 'n'), ('lainnya', 'n'), ('seperti', 'a'), ('banking', 'n'), ('ovo', 'n'), ('shopee', 'n'), ('atm', None), ('lazada', 'a'), ('alfamart', 'n'), ('atau', 'n'), ('indomaret', 'a'), ('mohon', 'n'), ('menginformasikan', 'n'), ('data', 'n'), ('berikut', 'n'), ('via', None), ('dm', 'n'), ('agar', 'n'), ('dapat', 'n'), ('dibantu', 'n'), ('lakukan', 'a'), ('pengecekan', 'n'), ('layanan', 'a'), ('nama', 'n'), ('pelanggan', 'a'), ('alamat', 'a'), ('instalasi', 'n'), ('nio', 'n')];0.0;0.0;Neutral
83;132858139;[('setau', 'n'), ('sy', 'a'), ('alfamart', 'n'), ('selalu', 'n'), ('ada', None), ('sedia', 'a'), ('wc', 'n'), ('untuk', 'a'), ('pelanggannya', 'n'), ('tapi', 'n'), ('yg', 'n'), ('satu', 'n'), ('ini', 'n'), ('belum', 'n'), ('ada', 'n'), ('gimana', 'n'), ('layanan', 'n'), ('ya', 'n')];0.0;0.0;Neutral
84;1522337929;[('slm', 'n'), ('silakan', 'n'), ('dapat', 'n'), ('pengisian', 'a'), ('formulir', 'n'), ('layanan', 'n'), ('pandawa', 'n'), ('saat', 'n'), ('peralihan', 'n'), ('pbpu', 'n'), ('mandiri', 'n'), ('pembayaran', 'n'), ('pertama', 'n'), ('bisa', 'n'), ('melalui', 'n'), ('atm', None), ('bank', 'n'), ('kantor', 'n'), ('pos', 'a'), ('alfamart', 'n'), ('indomaret', 'n'), ('loket', 'n'), ('loket', 'n'), ('ppob', 'n'), ('lalu', 'n'), ('pembayaran', 'n'), ('bulan', 'n'), ('berikutnya', None), ('akan', 'a'), ('secara', 'n'), ('autodebit', 'n'), ('sesuai', 'a'), ('rekening', None), ('yang', 'n'), ('didaftarkan', 'n'), ('tks', 'n'), ('mita', 'n')];0.0;0.0;Neutral
85;3195998996;[('beli', 'n'), ('kebutuhan', 'n'), ('makin', None), ('praktis', 'n'), ('di', 'n'), ('indomaret', 'a'), ('alfamart', 'n'), ('alfamidi', 'n'), ('atau', 'a'), ('circle', 'n'), ('k', 'n'), ('dan', 'n'), ('bayar', 'n'), ('dengan', 'n'), ('linkaja', 'a'), ('info', 'n'), ('lengkap', 'n'), ('cek', 'n'), ('tautan', 'n'), ('berikut', 'n'), ('pede', 'n'), ('apa', 'n'), ('bisa', 'n'), ('layanan', 'a'), ('customer', 'n'), ('service', 'n'), ('linkaja', 'r'), ('live', None), ('chat', 'n')];0.5;0.13636363636363635;Positive
86;7,49514E+17;[('mjb', 'n'), ('pertama', 'n'), ('kali', 'n'), ('aku', 'n'), ('naik', 'a'), ('mpake', 'n'), ('flazz', 'n'), ('terus', 'n'), ('kartunya', 'n'), ('hilang', 'n'), ('dan', 'n'), ('pake', None), ('brizzi', 'n'), ('dari', 'a'), ('alfamart', 'a'), ('dan', 'n'), ('ini', 'n'), ('ada', 'n'), ('app', 'n'), ('jg', 'n'), ('cuma', 'n'), ('aku', 'n'), ('belum', 'n'), ('pernah', 'n'), ('unduh', 'a'), ('aplikasi', 'a'), ('dan', 'n'), ('pake', None), ('layanan', 'a'), ('beli', 'n'), ('tiket', 'n'), ('di', 'n'), ('sini', 'n')];0.0;0.0;Neutral
87;1522337929;[('salam', 'n'), ('va', 'n'), ('diberikan', None), ('saat', 'a'), ('sahabat', 'n'), ('berhasil', 'n'), ('melakukan', 'n'), ('pendaftaran', 'n'), ('peralihan', None), ('segmen', 'n'), ('melalui', None), ('layanan', 'a'), ('pandawa', 'n'), ('silakan', 'n'), ('dapat', 'n'), ('melakukan', 'a'), ('pengecekan', 'n'), ('file', 'n'), ('pdf', 'n'), ('dari', 'n'), ('pandawa', 'n'), ('pembayaran', 'n'), ('pertama', 'n'), ('kali', 'n'), ('selain', 'n'), ('melalui', 'a'), ('alfamart', 'n'), ('juga', 'n'), ('dapat', 'n'), ('melalui', 'n'), ('banking', 'n'), ('atm', 'n'), ('e', 'n'), ('commerce', 'n'), ('tks', 'n'), ('prili', 'n')];0.0;0.0;Neutral
88;104556071;[('infotransjakarta', 'n'), ('layanan', 'n'), ('mikrotrans', 'n'), ('jak', None), ('rawa', 'a'), ('buaya', 'n'), ('rawa', 'n'), ('kompeni', 'n'), ('mengalami', 'n'), ('pengalihan', None), ('rute', 'n'), ('dikarenakan', 'n'), ('terkait', 'n'), ('adanya', 'n'), ('truk', 'n'), ('kontainer', 'n'), ('mogok', 'n'), ('di', 'n'), ('sekitar', 'n'), ('jl', 'n'), ('kamal', 'a'), ('raya', 'n'), ('sementara', 'n'), ('tidak', 'n'), ('melayani', 'n'), ('bus', 'n'), ('stop', None), ('pasar', 'n'), ('kamal', 'a'), ('alfamart', 'n'), ('kp', 'n'), ('belakang', 'n'), ('untuk', 'a'), ('kedua', 'n'), ('arah', 'n'), ('jaki', 'n'), ('perlutahu', 'n')];0.0;0.0;Neutral
89;7,88401E+17;[('tambah', 'n'), ('min', 'n'), ('alfamart', None), ('itu', 'a'), ('layanan', 'n'), ('pesan', 'a'), ('antarnya', 'n'), ('gratis', 'n'), ('tanpa', 'n'), ('minimum', 'a'), ('belanja', 'n'), ('indomaret', 'a'), ('masih', 'n'), ('ada', 'n'), ('minimumnya', 'n')];0.0;0.0;Neutral
90;191347030;[('perbaikin', 'n'), ('layanan', 'n'), ('cs', 'n'), ('minta', 'n'), ('di', 'n'), ('dm', 'n'), ('malah', 'n'), ('responnya', 'n'), ('pakai', 'n'), ('bot', 'n'), ('adminnya', 'n'), ('tolong', 'a'), ('belajar', 'n'), ('baca', 'n'), ('ya', 'n')];0.0;0.0;Neutral
91;191347030;[('min', 'n'), ('tolong', 'a'), ('sampaikan', 'a'), ('ke', 'n'), ('divisi', 'n'), ('cs', 'n'), ('perbaikin', None), ('layanan', 'n'), ('alafagiftnya', 'n'), ('tolong', 'a'), ('csat', 'n'), ('tuh', 'n'), ('penting', None), ('hehe', 'n')];0.0;0.0;Neutral
92;394516140;[('aku', 'n'), ('termasuk', 'n'), ('yg', 'n'), ('terbantu', 'n'), ('bgt', 'n'), ('sama', 'n'), ('layanan', 'n'), ('alfagift', 'n'), ('dari', 'a'), ('alfamart', 'n'), ('pesen', 'n'), ('barang', 'n'), ('ga', 'n'), ('sampe', 'n'), ('jam', 'n'), ('langsung', 'n'), ('dikirim', None), ('dan', 'a'), ('free', 'a'), ('ongkir', 'n'), ('terus', 'n'), ('kalo', 'n'), ('mau', 'n'), ('tarik', 'n'), ('tunai', 'n'), ('bca', 'n'), ('juga', 'n'), ('ga', 'n'), ('ada', None), ('min', 'n'), ('pembelian', 'a'), ('sedangkan', 'n'), ('di', 'n'), ('indoapril', 'n'), ('min', 'n'), ('belanja', 'n'), ('k', 'n'), ('br', 'n'), ('bisa', 'n'), ('tarik', 'n'), ('tunai', 'n'), ('hundred', None), ('points', 'n'), ('hundred', None), ('points', 'n'), ('hundred', None), ('points', 'n')];0.8;0.4;Positive
